cell_name,x,y,width,height
U1,12,18,4,2
U2,25,40,3,3
U3,33,15,5,2
U4,48,60,4,2
U5,72,14,6,4
U6,81,22,4,3
U7,95,33,5,2
U8,110,44,3,3
U9,123,55,4,2
U10,135,63,4,3
U11,147,72,5,2
U12,159,81,6,3
U13,171,90,4,2
U14,183,12,5,4
U15,14,27,3,2
U16,26,38,4,2
U17,39,49,3,3
U18,52,57,4,2
U19,64,68,5,2
U20,75,79,3,3
U21,86,91,6,4
U22,98,13,4,2
U23,111,26,3,3
U24,124,37,4,3
U25,137,48,5,2
U26,149,59,4,2
U27,160,70,3,3
U28,172,82,6,4
U29,183,93,5,3
U30,11,11,4,2
U31,22,22,3,3
U32,33,33,4,3
U33,44,44,5,2
U34,55,55,4,2
U35,66,66,6,4
U36,77,77,4,2
U37,88,88,3,3
U38,99,99,5,4
U39,111,11,4,2
U40,122,22,3,3
U41,133,33,5,2
U42,144,44,4,3
U43,155,55,6,4
U44,166,66,3,3
U45,177,77,4,2
U46,188,88,5,3
U47,17,95,3,2
U48,28,85,4,3
U49,39,75,5,2
U50,50,65,6,4
U51,61,55,4,2
U52,72,45,3,3
U53,83,35,4,2
U54,94,25,5,2
U55,105,15,3,3
U56,116,95,6,4
U57,127,85,4,2
U58,138,75,3,3
U59,149,65,5,2
U60,160,55,4,3
U61,171,45,6,4
U62,182,35,3,3
U63,14,56,4,2
U64,26,66,5,2
U65,38,76,3,3
U66,49,86,4,2
U67,61,96,5,3
U68,73,12,4,2
U69,84,24,3,3
U70,95,36,4,2
U71,107,48,6,4
U72,118,60,3,3
U73,129,72,5,2
U74,140,84,4,3
U75,151,96,6,4
U76,162,13,3,3
U77,173,23,5,2
U78,184,34,4,3
U79,15,45,4,2
U80,27,58,3,3
U81,39,69,5,2
U82,52,78,4,3
U83,64,89,6,4
U84,75,99,5,2
U85,87,14,4,2
U86,99,26,3,3
U87,111,39,4,2
U88,123,51,5,3
U89,135,63,4,2
U90,147,75,3,3
U91,158,87,6,4
U92,169,98,5,3
U93,181,16,4,2
U94,12,33,3,3
U95,24,47,4,2
U96,36,59,5,2
U97,48,71,3,3
U98,59,83,4,2
U99,71,95,6,4
U100,82,17,3,3
